[
    {
        "id": 1,
        "name": "Nigeria"
    },
    {
        "id": 2,
        "name": "Ivory Coast"
    },
    {
        "id": 3,
        "name": "Sweden"
    },
    {
        "id": 4,
        "name": "United States"
    },
    {
        "id": 5,
        "name": "Finland"
    },
    {
        "id": 6,
        "name": "Niger"
    },
    {
        "id": 7,
        "name": "Democratic Republic of the Congo"
    },
    {
        "id": 8,
        "name": "Comoros"
    },
    {
        "id": 9,
        "name": "Belgium"
    },
    {
        "id": 10,
        "name": "Malawi"
    },
    {
        "id": 11,
        "name": "Mali"
    },
    {
        "id": 12,
        "name": "Burkina Faso"
    },
    {
        "id": 13,
        "name": "Czech Republic"
    },
    {
        "id": 14,
        "name": "Congo"
    },
    {
        "id": 15,
        "name": "Ethiopia"
    },
    {
        "id": 16,
        "name": "Thailand"
    },
    {
        "id": 17,
        "name": "Netherlands"
    },
    {
        "id": 18,
        "name": "Seychelles"
    },
    {
        "id": 19,
        "name": "West Germany"
    },
    {
        "id": 20,
        "name": "Gabon"
    },
    {
        "id": 21,
        "name": "Slovakia"
    },
    {
        "id": 22,
        "name": "Luxembourg"
    },
    {
        "id": 23,
        "name": "Botswana"
    },
    {
        "id": 24,
        "name": "Sierra Leone"
    },
    {
        "id": 25,
        "name": "Eritrea"
    },
    {
        "id": 26,
        "name": "Morocco"
    },
    {
        "id": 27,
        "name": "Brazil"
    },
    {
        "id": 28,
        "name": "Gambia"
    },
    {
        "id": 29,
        "name": "Denmark"
    },
    {
        "id": 30,
        "name": "Singapore"
    },
    {
        "id": 31,
        "name": "Bulgaria"
    },
    {
        "id": 32,
        "name": "Peru"
    },
    {
        "id": 33,
        "name": "Norway"
    },
    {
        "id": 34,
        "name": "Mozambique"
    },
    {
        "id": 35,
        "name": "Tanzania"
    },
    {
        "id": 36,
        "name": "Serbia"
    },
    {
        "id": 37,
        "name": "Benin"
    },
    {
        "id": 38,
        "name": "South Africa"
    },
    {
        "id": 39,
        "name": "Western Sahara"
    },
    {
        "id": 40,
        "name": "Australia"
    },
    {
        "id": 41,
        "name": "Somalia"
    },
    {
        "id": 42,
        "name": "Djibouti"
    },
    {
        "id": 43,
        "name": "Zimbabwe"
    },
    {
        "id": 44,
        "name": "Liberia"
    },
    {
        "id": 45,
        "name": "Ireland"
    },
    {
        "id": 46,
        "name": "Poland"
    },
    {
        "id": 47,
        "name": "Sao Tome and Principe"
    },
    {
        "id": 48,
        "name": "South Sudan"
    },
    {
        "id": 49,
        "name": "Turkey"
    },
    {
        "id": 50,
        "name": "Hong Kong"
    },
    {
        "id": 51,
        "name": "Jordan"
    },
    {
        "id": 52,
        "name": "Guinea-Bissau"
    },
    {
        "id": 53,
        "name": "Algeria"
    },
    {
        "id": 54,
        "name": "Mauritania"
    },
    {
        "id": 55,
        "name": "Republic of the Congo"
    },
    {
        "id": 56,
        "name": "Mauritius"
    },
    {
        "id": 57,
        "name": "Equatorial Guinea"
    },
    {
        "id": 58,
        "name": "Japan"
    },
    {
        "id": 59,
        "name": "Malta"
    },
    {
        "id": 60,
        "name": "Canada"
    },
    {
        "id": 61,
        "name": "Ghana"
    },
    {
        "id": 62,
        "name": "N/A"
    },
    {
        "id": 63,
        "name": "Ukraine"
    },
    {
        "id": 64,
        "name": "Slovenia"
    },
    {
        "id": 65,
        "name": "Tunisia"
    },
    {
        "id": 66,
        "name": "United Arab Emirates"
    },
    {
        "id": 67,
        "name": "Swaziland"
    },
    {
        "id": 68,
        "name": "Guinea"
    },
    {
        "id": 69,
        "name": "Hungary"
    },
    {
        "id": 70,
        "name": "Togo"
    },
    {
        "id": 71,
        "name": "South Korea"
    },
    {
        "id": 72,
        "name": "Germany"
    },
    {
        "id": 73,
        "name": "United Kingdom"
    },
    {
        "id": 74,
        "name": "Switzerland"
    },
    {
        "id": 75,
        "name": "Lesotho"
    },
    {
        "id": 76,
        "name": "Kenya"
    },
    {
        "id": 77,
        "name": "Rwanda"
    },
    {
        "id": 78,
        "name": "India"
    },
    {
        "id": 79,
        "name": "Libya"
    },
    {
        "id": 80,
        "name": "Russia"
    },
    {
        "id": 81,
        "name": "Angola"
    },
    {
        "id": 82,
        "name": "Spain"
    },
    {
        "id": 83,
        "name": "France"
    },
    {
        "id": 84,
        "name": "China"
    },
    {
        "id": 85,
        "name": "Greece"
    },
    {
        "id": 86,
        "name": "Austria"
    },
    {
        "id": 87,
        "name": "Central African Republic"
    },
    {
        "id": 88,
        "name": "UK"
    },
    {
        "id": 89,
        "name": "Uganda"
    },
    {
        "id": 90,
        "name": "USA"
    },
    {
        "id": 91,
        "name": "Cape Verde"
    },
    {
        "id": 92,
        "name": "Chad"
    },
    {
        "id": 93,
        "name": "New Zealand"
    },
    {
        "id": 94,
        "name": "Cameroon"
    },
    {
        "id": 95,
        "name": "Namibia"
    },
    {
        "id": 96,
        "name": "Egypt"
    },
    {
        "id": 97,
        "name": "Iceland"
    },
    {
        "id": 98,
        "name": "Zambia"
    },
    {
        "id": 99,
        "name": "Senegal"
    },
    {
        "id": 100,
        "name": "Burundi"
    },
    {
        "id": 101,
        "name": "Madagascar"
    },
    {
        "id": 102,
        "name": "Italy"
    },
    {
        "id": 103,
        "name": "Sudan"
    },
    {
        "id": 104,
        "name": "Mexico"
    }
]